record,type,operation,backend,elements,median_ns,min_ns,max_ns,ns_per_element,speedup_vs_scalar
TIMING,f32,add,Scalar,31,69.37,27.28,100.28,2.238,1.000
TIMING,f32,add,Avx2,31,34.23,34.22,34.29,1.104,2.027
TIMING,f32,add,Avx512,31,39.23,38.37,54.15,1.265,1.769
TIMING,f32,add,Auto,31,30.54,30.51,37.89,0.985,2.272
TIMING,f32,subtract,Scalar,31,27.14,26.94,27.31,0.876,1.000
TIMING,f32,subtract,Avx2,31,24.62,24.61,42.17,0.794,1.103
TIMING,f32,subtract,Avx512,31,34.21,34.21,34.24,1.104,0.793
TIMING,f32,subtract,Auto,31,30.42,30.34,30.45,0.981,0.892
TIMING,f32,multiply,Scalar,31,27.14,27.02,33.92,0.876,1.000
TIMING,f32,multiply,Avx2,31,23.60,23.58,23.64,0.761,1.150
TIMING,f32,multiply,Avx512,31,32.21,32.12,49.48,1.039,0.843
TIMING,f32,multiply,Auto,31,30.54,30.53,30.55,0.985,0.889
TIMING,f32,divide,Scalar,31,38.79,38.79,45.02,1.251,1.000
TIMING,f32,divide,Avx2,31,25.06,25.04,25.24,0.808,1.548
TIMING,f32,divide,Avx512,31,35.53,35.53,35.56,1.146,1.092
TIMING,f32,divide,Auto,31,38.80,38.78,51.29,1.252,1.000
TIMING,f32,scale_in_place,Scalar,31,24.30,24.28,24.33,0.784,1.000
TIMING,f32,scale_in_place,Avx2,31,22.13,20.44,26.67,0.714,1.098
TIMING,f32,scale_in_place,Avx512,31,18.99,18.97,19.03,0.613,1.279
TIMING,f32,scale_in_place,Auto,31,24.30,24.21,24.34,0.784,1.000
TIMING,f32,copy_scale,Scalar,31,25.29,25.26,25.38,0.816,1.000
TIMING,f32,copy_scale,Avx2,31,19.64,19.63,34.88,0.634,1.287
TIMING,f32,copy_scale,Avx512,31,22.75,22.71,22.86,0.734,1.111
TIMING,f32,allocating_scale,Scalar,31,34.35,34.04,39.80,1.108,1.000
TIMING,f32,allocating_scale,Avx2,31,30.52,30.48,31.28,0.984,1.126
TIMING,f32,allocating_scale,Avx512,31,31.66,31.56,45.13,1.021,1.085
TIMING,f32,allocating_scale,Auto,31,41.35,41.30,41.66,1.334,0.831
TIMING,f32,add,Scalar,128,87.83,87.78,94.18,0.686,1.000
TIMING,f32,add,Avx2,128,21.96,21.96,21.98,0.172,4.000
TIMING,f32,add,Avx512,128,16.95,16.88,16.96,0.132,5.181
TIMING,f32,add,Auto,128,20.48,20.47,20.53,0.160,4.289
TIMING,f32,subtract,Scalar,128,87.66,87.64,108.11,0.685,1.000
TIMING,f32,subtract,Avx2,128,21.85,21.79,21.87,0.171,4.011
TIMING,f32,subtract,Avx512,128,16.93,16.89,16.98,0.132,5.178
TIMING,f32,subtract,Auto,128,20.50,20.47,27.01,0.160,4.276
TIMING,f32,multiply,Scalar,128,87.80,87.77,94.16,0.686,1.000
TIMING,f32,multiply,Avx2,128,22.05,22.05,22.13,0.172,3.981
TIMING,f32,multiply,Avx512,128,16.93,16.89,16.98,0.132,5.187
TIMING,f32,multiply,Auto,128,20.49,20.48,26.45,0.160,4.285
TIMING,f32,divide,Scalar,128,160.14,160.12,174.34,1.251,1.000
TIMING,f32,divide,Avx2,128,33.37,33.37,47.16,0.261,4.799
TIMING,f32,divide,Avx512,128,33.37,33.37,42.91,0.261,4.799
TIMING,f32,divide,Auto,128,33.38,33.37,39.89,0.261,4.798
TIMING,f32,scale_in_place,Scalar,128,62.99,62.99,63.04,0.492,1.000
TIMING,f32,scale_in_place,Avx2,128,17.99,17.96,18.05,0.141,3.502
TIMING,f32,scale_in_place,Avx512,128,15.62,15.07,25.41,0.122,4.032
TIMING,f32,scale_in_place,Auto,128,16.20,15.84,16.24,0.127,3.888
TIMING,f32,copy_scale,Scalar,128,74.74,74.23,79.89,0.584,1.000
TIMING,f32,copy_scale,Avx2,128,20.48,19.62,29.59,0.160,3.649
TIMING,f32,copy_scale,Avx512,128,17.46,16.71,30.82,0.136,4.281
TIMING,f32,allocating_scale,Scalar,128,75.12,74.99,87.57,0.587,1.000
TIMING,f32,allocating_scale,Avx2,128,34.17,33.94,34.22,0.267,2.199
TIMING,f32,allocating_scale,Avx512,128,31.44,31.39,31.71,0.246,2.389
TIMING,f32,allocating_scale,Auto,128,34.73,34.68,35.85,0.271,2.163
TIMING,f32,add,Scalar,4099,4023.65,3712.32,4098.65,0.982,1.000
TIMING,f32,add,Avx2,4099,862.14,851.67,1017.24,0.210,4.667
TIMING,f32,add,Avx512,4099,762.79,759.19,928.43,0.186,5.275
TIMING,f32,add,Auto,4099,769.29,767.19,769.81,0.188,5.230
TIMING,f32,subtract,Scalar,4099,4030.98,3877.30,4130.81,0.983,1.000
TIMING,f32,subtract,Avx2,4099,852.51,851.98,1022.33,0.208,4.728
TIMING,f32,subtract,Avx512,4099,761.30,758.67,1185.02,0.186,5.295
TIMING,f32,subtract,Auto,4099,767.40,766.03,768.98,0.187,5.253
TIMING,f32,multiply,Scalar,4099,4023.30,3870.84,4123.89,0.982,1.000
TIMING,f32,multiply,Avx2,4099,852.86,852.33,1115.71,0.208,4.717
TIMING,f32,multiply,Avx512,4099,760.68,760.30,921.56,0.186,5.289
TIMING,f32,multiply,Auto,4099,768.60,766.35,848.94,0.188,5.235
TIMING,f32,divide,Scalar,4099,5208.52,5125.90,5583.60,1.271,1.000
TIMING,f32,divide,Avx2,4099,1073.52,1073.51,1089.24,0.262,4.852
TIMING,f32,divide,Avx512,4099,1074.46,1073.52,1154.24,0.262,4.848
TIMING,f32,divide,Auto,4099,1073.79,1073.59,1074.52,0.262,4.851
TIMING,f32,scale_in_place,Scalar,4099,1720.14,1719.70,1862.59,0.420,1.000
TIMING,f32,scale_in_place,Avx2,4099,237.57,237.40,238.05,0.058,7.241
TIMING,f32,scale_in_place,Avx512,4099,274.76,273.30,428.24,0.067,6.260
TIMING,f32,scale_in_place,Auto,4099,276.25,275.73,278.59,0.067,6.227
TIMING,f32,copy_scale,Scalar,4099,2118.43,1939.98,2449.24,0.517,1.000
TIMING,f32,copy_scale,Avx2,4099,397.03,394.32,591.48,0.097,5.336
TIMING,f32,copy_scale,Avx512,4099,428.44,403.32,619.84,0.105,4.944
TIMING,f32,allocating_scale,Scalar,4099,1966.51,1888.13,2306.46,0.480,1.000
TIMING,f32,allocating_scale,Avx2,4099,493.57,491.52,494.62,0.120,3.984
TIMING,f32,allocating_scale,Avx512,4099,570.94,561.95,728.87,0.139,3.444
TIMING,f32,allocating_scale,Auto,4099,618.78,615.73,817.71,0.151,3.178
TIMING,f32,add,Scalar,262145,194511.00,194305.50,197777.00,0.742,1.000
TIMING,f32,add,Avx2,262145,127333.50,127269.00,130532.50,0.486,1.528
TIMING,f32,add,Avx512,262145,127339.50,127290.50,129677.00,0.486,1.527
TIMING,f32,add,Auto,262145,127456.50,127381.50,129317.00,0.486,1.526
TIMING,f32,subtract,Scalar,262145,194880.00,194407.00,221078.00,0.743,1.000
TIMING,f32,subtract,Avx2,262145,127348.50,127292.50,130031.50,0.486,1.530
TIMING,f32,subtract,Avx512,262145,127350.00,127253.50,131968.50,0.486,1.530
TIMING,f32,subtract,Auto,262145,127351.00,126931.00,129851.00,0.486,1.530
TIMING,f32,multiply,Scalar,262145,196710.00,182684.50,197625.00,0.750,1.000
TIMING,f32,multiply,Avx2,262145,128402.00,127341.50,138319.50,0.490,1.532
TIMING,f32,multiply,Avx512,262145,141115.00,140884.00,150623.50,0.538,1.394
TIMING,f32,multiply,Auto,262145,143404.50,127677.50,161556.50,0.547,1.372
TIMING,f32,divide,Scalar,262145,330788.00,327791.50,333076.50,1.262,1.000
TIMING,f32,divide,Avx2,262145,127106.50,126947.50,129866.00,0.485,2.602
TIMING,f32,divide,Avx512,262145,127088.00,126976.00,130512.50,0.485,2.603
TIMING,f32,divide,Auto,262145,127009.50,126962.50,129894.00,0.485,2.604
TIMING,f32,scale_in_place,Scalar,262145,128356.00,119708.00,132068.00,0.490,1.000
TIMING,f32,scale_in_place,Avx2,262145,29601.00,29482.50,33248.00,0.113,4.336
TIMING,f32,scale_in_place,Avx512,262145,27695.00,27648.00,27782.00,0.106,4.635
TIMING,f32,scale_in_place,Auto,262145,28944.00,28867.50,30862.50,0.110,4.435
TIMING,f32,copy_scale,Scalar,262145,145255.50,143219.00,148759.00,0.554,1.000
TIMING,f32,copy_scale,Avx2,262145,85452.50,85120.50,88151.50,0.326,1.700
TIMING,f32,copy_scale,Avx512,262145,92736.50,92562.50,1147383.50,0.354,1.566
TIMING,f32,allocating_scale,Scalar,262145,144637.50,142802.50,194659.50,0.552,1.000
TIMING,f32,allocating_scale,Avx2,262145,85408.50,85171.00,88286.00,0.326,1.693
TIMING,f32,allocating_scale,Avx512,262145,82935.50,82847.00,85478.00,0.316,1.744
TIMING,f32,allocating_scale,Auto,262145,83691.50,83631.00,86655.50,0.319,1.728
TIMING,f32,add,Scalar,1048589,791269.00,787538.50,795010.50,0.755,1.000
TIMING,f32,add,Avx2,1048589,528905.00,518910.00,532515.50,0.504,1.496
TIMING,f32,add,Avx512,1048589,513650.00,512715.50,516523.00,0.490,1.540
TIMING,f32,add,Auto,1048589,515038.50,512880.50,517366.00,0.491,1.536
TIMING,f32,subtract,Scalar,1048589,789551.00,786874.50,793163.50,0.753,1.000
TIMING,f32,subtract,Avx2,1048589,512707.00,512005.00,514555.50,0.489,1.540
TIMING,f32,subtract,Avx512,1048589,512978.00,512440.00,514352.50,0.489,1.539
TIMING,f32,subtract,Auto,1048589,477084.00,471876.50,480107.50,0.455,1.655
TIMING,f32,multiply,Scalar,1048589,532177.00,530218.00,633578.00,0.508,1.000
TIMING,f32,multiply,Avx2,1048589,505711.50,505145.50,509701.50,0.482,1.052
TIMING,f32,multiply,Avx512,1048589,473817.00,472926.00,475422.00,0.452,1.123
TIMING,f32,multiply,Auto,1048589,474595.50,473577.00,500805.00,0.453,1.121
TIMING,f32,divide,Scalar,1048589,910361.50,908644.50,924815.00,0.868,1.000
TIMING,f32,divide,Avx2,1048589,473286.50,472795.00,478630.00,0.451,1.923
TIMING,f32,divide,Avx512,1048589,474229.00,472773.00,479706.50,0.452,1.920
TIMING,f32,divide,Auto,1048589,476092.50,475164.50,483964.00,0.454,1.912
TIMING,f32,scale_in_place,Scalar,1048589,505338.50,361715.50,899564.00,0.482,1.000
TIMING,f32,scale_in_place,Avx2,1048589,180499.00,172546.00,188772.00,0.172,2.800
TIMING,f32,scale_in_place,Avx512,1048589,164987.00,156810.50,169216.00,0.157,3.063
TIMING,f32,scale_in_place,Auto,1048589,156753.00,156678.00,159196.50,0.149,3.224
TIMING,f32,copy_scale,Scalar,1048589,402504.50,400064.50,403480.50,0.384,1.000
TIMING,f32,copy_scale,Avx2,1048589,316677.00,314394.00,318457.50,0.302,1.271
TIMING,f32,copy_scale,Avx512,1048589,337916.50,319467.50,378458.50,0.322,1.191
TIMING,f32,allocating_scale,Scalar,1048589,444964.00,400795.00,496087.50,0.424,1.000
TIMING,f32,allocating_scale,Avx2,1048589,316580.50,316042.50,320780.50,0.302,1.406
TIMING,f32,allocating_scale,Avx512,1048589,321536.50,319273.00,322087.00,0.307,1.384
TIMING,f32,allocating_scale,Auto,1048589,321463.50,318891.50,323120.00,0.307,1.384
TIMING,f64,add,Scalar,31,19.06,19.05,19.07,0.615,1.000
TIMING,f64,add,Avx2,31,15.34,15.09,15.36,0.495,1.242
TIMING,f64,add,Avx512,31,27.41,26.71,50.13,0.884,0.695
TIMING,f64,add,Auto,31,23.70,22.29,39.64,0.764,0.804
TIMING,f64,subtract,Scalar,31,20.90,20.81,20.93,0.674,1.000
TIMING,f64,subtract,Avx2,31,16.22,16.15,16.28,0.523,1.288
TIMING,f64,subtract,Avx512,31,28.58,28.58,28.63,0.922,0.731
TIMING,f64,subtract,Auto,31,24.03,23.97,24.07,0.775,0.870
TIMING,f64,multiply,Scalar,31,20.91,20.89,20.91,0.674,1.000
TIMING,f64,multiply,Avx2,31,15.97,15.63,20.60,0.515,1.309
TIMING,f64,multiply,Avx512,31,24.73,24.24,24.89,0.798,0.845
TIMING,f64,multiply,Auto,31,23.71,23.67,23.74,0.765,0.882
TIMING,f64,divide,Scalar,31,40.02,40.02,40.05,1.291,1.000
TIMING,f64,divide,Avx2,31,25.83,25.83,25.88,0.833,1.549
TIMING,f64,divide,Avx512,31,28.66,28.38,33.17,0.925,1.396
TIMING,f64,divide,Auto,31,40.03,40.03,40.03,1.291,1.000
TIMING,f64,scale_in_place,Scalar,31,18.41,18.38,18.90,0.594,1.000
TIMING,f64,scale_in_place,Avx2,31,13.61,13.59,13.94,0.439,1.352
TIMING,f64,scale_in_place,Avx512,31,16.82,16.41,17.18,0.542,1.095
TIMING,f64,scale_in_place,Auto,31,18.76,18.67,18.84,0.605,0.982
TIMING,f64,copy_scale,Scalar,31,18.13,17.77,22.50,0.585,1.000
TIMING,f64,copy_scale,Avx2,31,14.26,13.92,17.19,0.460,1.272
TIMING,f64,copy_scale,Avx512,31,13.93,13.63,14.60,0.449,1.301
TIMING,f64,allocating_scale,Scalar,31,26.10,26.09,26.42,0.842,1.000
TIMING,f64,allocating_scale,Avx2,31,23.55,23.50,23.95,0.760,1.108
TIMING,f64,allocating_scale,Avx512,31,23.55,23.21,23.77,0.760,1.108
TIMING,f64,allocating_scale,Auto,31,31.37,31.31,31.63,1.012,0.832
TIMING,f64,add,Scalar,128,67.81,67.74,74.46,0.530,1.000
TIMING,f64,add,Avx2,128,27.04,26.98,27.25,0.211,2.508
TIMING,f64,add,Avx512,128,28.25,28.19,34.91,0.221,2.401
TIMING,f64,add,Auto,128,32.12,32.08,40.40,0.251,2.111
TIMING,f64,subtract,Scalar,128,80.80,61.80,90.22,0.631,1.000
TIMING,f64,subtract,Avx2,128,27.13,27.11,53.93,0.212,2.978
TIMING,f64,subtract,Avx512,128,28.38,28.22,37.22,0.222,2.847
TIMING,f64,subtract,Auto,128,31.79,31.71,31.82,0.248,2.541
TIMING,f64,multiply,Scalar,128,80.82,61.76,81.14,0.631,1.000
TIMING,f64,multiply,Avx2,128,27.17,27.12,53.93,0.212,2.974
TIMING,f64,multiply,Avx512,128,28.26,28.23,38.14,0.221,2.860
TIMING,f64,multiply,Auto,128,31.65,31.61,31.69,0.247,2.553
TIMING,f64,divide,Scalar,128,150.70,150.68,197.05,1.177,1.000
TIMING,f64,divide,Avx2,128,75.35,75.32,82.19,0.589,2.000
TIMING,f64,divide,Avx512,128,82.61,82.61,93.04,0.645,1.824
TIMING,f64,divide,Auto,128,87.06,82.62,103.30,0.680,1.731
TIMING,f64,scale_in_place,Scalar,128,48.78,48.76,48.81,0.381,1.000
TIMING,f64,scale_in_place,Avx2,128,20.37,20.36,25.15,0.159,2.395
TIMING,f64,scale_in_place,Avx512,128,19.13,19.08,31.09,0.149,2.550
TIMING,f64,scale_in_place,Auto,128,19.28,19.27,19.30,0.151,2.530
TIMING,f64,copy_scale,Scalar,128,64.99,64.72,66.96,0.508,1.000
TIMING,f64,copy_scale,Avx2,128,26.22,26.21,26.24,0.205,2.479
TIMING,f64,copy_scale,Avx512,128,20.15,20.06,36.79,0.157,3.226
TIMING,f64,allocating_scale,Scalar,128,67.68,67.64,67.88,0.529,1.000
TIMING,f64,allocating_scale,Avx2,128,34.34,34.28,43.60,0.268,1.971
TIMING,f64,allocating_scale,Avx512,128,24.15,23.57,56.12,0.189,2.803
TIMING,f64,allocating_scale,Auto,128,31.53,30.66,31.89,0.246,2.147
TIMING,f64,add,Scalar,4099,3078.75,3066.46,3727.98,0.751,1.000
TIMING,f64,add,Avx2,4099,1246.67,1169.81,1540.05,0.304,2.470
TIMING,f64,add,Avx512,4099,1446.40,1444.57,1551.24,0.353,2.129
TIMING,f64,add,Auto,4099,1441.11,1440.30,1441.60,0.352,2.136
TIMING,f64,subtract,Scalar,4099,3092.16,3021.73,3768.98,0.754,1.000
TIMING,f64,subtract,Avx2,4099,1168.21,1165.10,1840.29,0.285,2.647
TIMING,f64,subtract,Avx512,4099,1436.95,1435.51,1557.38,0.351,2.152
TIMING,f64,subtract,Auto,4099,1444.59,1441.37,1515.59,0.352,2.141
TIMING,f64,multiply,Scalar,4099,3920.73,3216.44,4339.76,0.957,1.000
TIMING,f64,multiply,Avx2,4099,1164.79,1162.29,1378.37,0.284,3.366
TIMING,f64,multiply,Avx512,4099,1434.87,1204.21,1646.22,0.350,2.732
TIMING,f64,multiply,Auto,4099,1440.49,1439.02,1440.98,0.351,2.722
TIMING,f64,divide,Scalar,4099,4882.32,4685.54,6373.17,1.191,1.000
TIMING,f64,divide,Avx2,4099,2417.05,2416.86,2645.76,0.590,2.020
TIMING,f64,divide,Avx512,4099,2673.13,2505.11,2832.13,0.652,1.826
TIMING,f64,divide,Auto,4099,2669.17,2507.03,2797.08,0.651,1.829
TIMING,f64,scale_in_place,Scalar,4099,1441.16,1373.44,2778.79,0.352,1.000
TIMING,f64,scale_in_place,Avx2,4099,458.95,458.25,682.43,0.112,3.140
TIMING,f64,scale_in_place,Avx512,4099,261.56,260.05,263.48,0.064,5.510
TIMING,f64,scale_in_place,Auto,4099,260.63,260.14,262.14,0.064,5.529
TIMING,f64,copy_scale,Scalar,4099,2245.37,2071.94,2366.46,0.548,1.000
TIMING,f64,copy_scale,Avx2,4099,810.02,809.81,1048.46,0.198,2.772
TIMING,f64,copy_scale,Avx512,4099,1013.43,1010.84,1118.70,0.247,2.216
TIMING,f64,allocating_scale,Scalar,4099,2394.33,2128.27,2466.87,0.584,1.000
TIMING,f64,allocating_scale,Avx2,4099,884.59,883.76,1050.41,0.216,2.707
TIMING,f64,allocating_scale,Avx512,4099,1090.19,1088.59,1194.05,0.266,2.196
TIMING,f64,allocating_scale,Auto,4099,1061.56,1060.13,1139.22,0.259,2.255
TIMING,f64,add,Scalar,262145,259241.50,250990.50,260301.50,0.989,1.000
TIMING,f64,add,Avx2,262145,253725.00,240111.50,271216.50,0.968,1.022
TIMING,f64,add,Avx512,262145,288099.00,248505.00,300628.00,1.099,0.900
TIMING,f64,add,Auto,262145,251299.50,248635.50,258023.50,0.959,1.032
TIMING,f64,subtract,Scalar,262145,256678.50,255521.50,260013.00,0.979,1.000
TIMING,f64,subtract,Avx2,262145,235792.00,235666.00,248843.00,0.899,1.089
TIMING,f64,subtract,Avx512,262145,251538.50,248380.00,257936.00,0.960,1.020
TIMING,f64,subtract,Auto,262145,249289.50,248354.50,251528.50,0.951,1.030
TIMING,f64,multiply,Scalar,262145,258814.00,256500.50,259557.50,0.987,1.000
TIMING,f64,multiply,Avx2,262145,238321.50,235690.50,249798.50,0.909,1.086
TIMING,f64,multiply,Avx512,262145,251557.00,248541.50,258710.00,0.960,1.029
TIMING,f64,multiply,Auto,262145,251544.50,248591.50,255138.00,0.960,1.029
TIMING,f64,divide,Scalar,262145,319817.00,316789.00,320814.50,1.220,1.000
TIMING,f64,divide,Avx2,262145,236789.50,236473.50,242921.50,0.903,1.351
TIMING,f64,divide,Avx512,262145,255567.00,252598.50,264302.00,0.975,1.251
TIMING,f64,divide,Auto,262145,257061.00,253125.00,1312204.00,0.981,1.244
TIMING,f64,scale_in_place,Scalar,262145,105929.00,98769.00,108903.50,0.404,1.000
TIMING,f64,scale_in_place,Avx2,262145,78404.50,78363.00,82505.00,0.299,1.351
TIMING,f64,scale_in_place,Avx512,262145,82309.50,82261.00,84877.00,0.314,1.287
TIMING,f64,scale_in_place,Auto,262145,82365.50,82296.00,89255.50,0.314,1.286
TIMING,f64,copy_scale,Scalar,262145,166183.00,165879.50,170860.00,0.634,1.000
TIMING,f64,copy_scale,Avx2,262145,158197.50,157952.50,160590.50,0.603,1.050
TIMING,f64,copy_scale,Avx512,262145,165946.50,165736.50,169785.50,0.633,1.001
TIMING,f64,allocating_scale,Scalar,262145,168729.00,164710.00,171348.50,0.644,1.000
TIMING,f64,allocating_scale,Avx2,262145,159592.50,157678.50,168877.50,0.609,1.057
TIMING,f64,allocating_scale,Avx512,262145,166270.00,166138.00,168185.00,0.634,1.015
TIMING,f64,allocating_scale,Auto,262145,166313.00,166097.50,168815.00,0.634,1.015
TIMING,f64,add,Scalar,1048589,1066601.50,1058411.50,1126453.00,1.017,1.000
TIMING,f64,add,Avx2,1048589,1039962.50,1034394.00,1060462.50,0.992,1.026
TIMING,f64,add,Avx512,1048589,1068954.00,1057321.50,1075395.50,1.019,0.998
TIMING,f64,add,Auto,1048589,1068052.00,1063328.50,1074734.50,1.019,0.999
TIMING,f64,subtract,Scalar,1048589,1062669.50,1058713.50,1082510.50,1.013,1.000
TIMING,f64,subtract,Avx2,1048589,1032836.50,1028500.50,1048927.50,0.985,1.029
TIMING,f64,subtract,Avx512,1048589,1068349.50,1057754.50,1077138.00,1.019,0.995
TIMING,f64,subtract,Auto,1048589,1079794.50,1067977.50,1109001.50,1.030,0.984
TIMING,f64,multiply,Scalar,1048589,1125453.00,1060534.00,1209642.50,1.073,1.000
TIMING,f64,multiply,Avx2,1048589,1052402.50,1048600.50,1056441.00,1.004,1.069
TIMING,f64,multiply,Avx512,1048589,1152825.50,1103114.00,5270542.00,1.099,0.976
TIMING,f64,multiply,Auto,1048589,1339047.00,1094217.50,2634970.50,1.277,0.840
TIMING,f64,divide,Scalar,1048589,1283755.50,1273277.00,1303963.00,1.224,1.000
TIMING,f64,divide,Avx2,1048589,1033281.00,1026237.50,1048038.00,0.985,1.242
TIMING,f64,divide,Avx512,1048589,1149570.00,1053109.00,1245719.00,1.096,1.117
TIMING,f64,divide,Auto,1048589,1105927.50,1050894.00,1179463.00,1.055,1.161
TIMING,f64,scale_in_place,Scalar,1048589,415214.50,411819.00,419319.50,0.396,1.000
TIMING,f64,scale_in_place,Avx2,1048589,317389.50,314294.00,317626.00,0.303,1.308
TIMING,f64,scale_in_place,Avx512,1048589,421425.00,404735.00,679389.00,0.402,0.985
TIMING,f64,scale_in_place,Auto,1048589,321795.00,319256.50,322834.00,0.307,1.290
TIMING,f64,copy_scale,Scalar,1048589,662562.00,661627.50,667329.00,0.632,1.000
TIMING,f64,copy_scale,Avx2,1048589,669191.50,665545.50,690087.00,0.638,0.990
TIMING,f64,copy_scale,Avx512,1048589,689784.00,682908.50,712947.50,0.658,0.961
TIMING,f64,allocating_scale,Scalar,1048589,661878.00,658490.00,674664.00,0.631,1.000
TIMING,f64,allocating_scale,Avx2,1048589,665924.50,662174.00,685499.00,0.635,0.994
TIMING,f64,allocating_scale,Avx512,1048589,696521.50,680971.00,719156.00,0.664,0.950
TIMING,f64,allocating_scale,Auto,1048589,676723.50,673520.00,694286.50,0.645,0.978
TIMING,f64,explicit_euler,Scalar,31,28.59,28.54,28.69,0.922,1.000
TIMING,f64,explicit_euler,Avx2,31,18.84,17.31,30.78,0.608,1.518
TIMING,f64,explicit_euler,Avx512,31,16.71,16.70,31.03,0.539,1.710
TIMING,f64,explicit_euler,Auto,31,31.36,31.30,48.80,1.012,0.912
TIMING,f64,semi_implicit_euler,Scalar,31,32.08,32.06,49.80,1.035,1.000
TIMING,f64,semi_implicit_euler,Avx2,31,22.36,20.76,37.90,0.721,1.435
TIMING,f64,semi_implicit_euler,Avx512,31,43.09,24.66,55.48,1.390,0.745
TIMING,f64,semi_implicit_euler,Auto,31,91.35,91.29,92.64,2.947,0.351
TIMING,f64,explicit_euler,Scalar,128,226.50,110.87,271.60,1.770,1.000
TIMING,f64,explicit_euler,Avx2,128,49.85,49.25,78.50,0.389,4.543
TIMING,f64,explicit_euler,Avx512,128,44.02,43.97,69.90,0.344,5.146
TIMING,f64,explicit_euler,Auto,128,55.47,46.79,60.44,0.433,4.083
TIMING,f64,semi_implicit_euler,Scalar,128,160.01,113.45,203.27,1.250,1.000
TIMING,f64,semi_implicit_euler,Avx2,128,52.21,51.51,77.22,0.408,3.065
TIMING,f64,semi_implicit_euler,Avx512,128,43.28,43.25,69.75,0.338,3.697
TIMING,f64,semi_implicit_euler,Auto,128,48.15,48.03,77.16,0.376,3.323
TIMING,f64,explicit_euler,Scalar,4099,4388.84,4289.37,5595.67,1.071,1.000
TIMING,f64,explicit_euler,Avx2,4099,1372.32,1371.51,1965.19,0.335,3.198
TIMING,f64,explicit_euler,Avx512,4099,1415.19,1412.49,1889.44,0.345,3.101
TIMING,f64,explicit_euler,Auto,4099,1454.87,1416.46,1859.32,0.355,3.017
TIMING,f64,semi_implicit_euler,Scalar,4099,4077.90,3754.24,4838.00,0.995,1.000
TIMING,f64,semi_implicit_euler,Avx2,4099,1483.06,1394.76,2096.67,0.362,2.750
TIMING,f64,semi_implicit_euler,Avx512,4099,1685.35,1483.86,1885.67,0.411,2.420
TIMING,f64,semi_implicit_euler,Auto,4099,1414.63,1414.13,1697.81,0.345,2.883
TIMING,f64,explicit_euler,Scalar,262145,298114.50,292250.00,312436.50,1.137,1.000
TIMING,f64,explicit_euler,Avx2,262145,237801.00,235101.50,240814.50,0.907,1.254
TIMING,f64,explicit_euler,Avx512,262145,247276.50,234571.50,251243.00,0.943,1.206
TIMING,f64,explicit_euler,Auto,262145,247139.00,234875.00,251576.50,0.943,1.206
TIMING,f64,semi_implicit_euler,Scalar,262145,299590.50,296546.00,311464.00,1.143,1.000
TIMING,f64,semi_implicit_euler,Avx2,262145,237988.50,235642.50,243611.50,0.908,1.259
TIMING,f64,semi_implicit_euler,Avx512,262145,244176.00,234554.50,253209.50,0.931,1.227
TIMING,f64,semi_implicit_euler,Auto,262145,247148.50,234655.50,251857.50,0.943,1.212
TIMING,f64,explicit_euler,Scalar,1048589,1234670.00,1232561.50,1259024.50,1.177,1.000
TIMING,f64,explicit_euler,Avx2,1048589,1090337.00,1074632.50,1114932.00,1.040,1.132
TIMING,f64,explicit_euler,Avx512,1048589,1044306.00,1038491.50,1061818.50,0.996,1.182
TIMING,f64,explicit_euler,Auto,1048589,1046493.50,1037367.00,1163822.00,0.998,1.180
TIMING,f64,semi_implicit_euler,Scalar,1048589,1294444.00,1270467.00,1934548.00,1.234,1.000
TIMING,f64,semi_implicit_euler,Avx2,1048589,1067690.00,1063115.00,1086919.50,1.018,1.212
TIMING,f64,semi_implicit_euler,Avx512,1048589,1040142.50,1037652.00,1054263.50,0.992,1.244
TIMING,f64,semi_implicit_euler,Auto,1048589,1305925.50,1097316.50,1335258.50,1.245,0.991
